account_id,customer_id,account_type,open_date
ACC305141,CUST1000,savings,2025-03-30 00:00:39.507933
ACC433662,CUST1001,savings,2024-12-20 00:00:39.507964
ACC504420,CUST1001,checking,2025-03-26 00:00:39.507971
ACC564565,CUST1002,savings,2025-04-24 00:00:39.507980
ACC651326,CUST1002,checking,2023-09-08 00:00:39.507985
ACC453917,CUST1003,credit,2024-11-13 00:00:39.507999
ACC635200,CUST1004,savings,2025-01-12 00:00:39.508009
ACC549694,CUST1004,checking,2023-09-15 00:00:39.508013
ACC167773,CUST1005,savings,2024-04-27 00:00:39.508022
ACC370014,CUST1006,savings,2023-12-25 00:00:39.508030
ACC225539,CUST1007,checking,2024-06-01 00:00:39.508038
ACC989368,CUST1007,savings,2025-01-27 00:00:39.508043
ACC497736,CUST1008,savings,2024-02-08 00:00:39.508051
ACC135130,CUST1009,credit,2025-03-06 00:00:39.508058
ACC904748,CUST1009,checking,2024-01-15 00:00:39.508062
ACC965242,CUST1010,checking,2024-05-08 00:00:39.508070
ACC818577,CUST1011,checking,2023-12-18 00:00:39.508078
ACC872619,CUST1011,credit,2025-01-15 00:00:39.508082
ACC544394,CUST1012,savings,2023-09-12 00:00:39.508089
ACC740903,CUST1012,checking,2025-01-11 00:00:39.508093
ACC370777,CUST1013,checking,2025-06-26 00:00:39.508101
ACC461988,CUST1013,savings,2024-11-14 00:00:39.508105
ACC946823,CUST1014,checking,2024-06-27 00:00:39.508113
ACC746013,CUST1015,checking,2024-05-20 00:00:39.508121
ACC600941,CUST1016,checking,2025-10-10 00:00:39.508128
ACC358039,CUST1016,savings,2025-11-27 00:00:39.508133
ACC615529,CUST1017,checking,2024-09-05 00:00:39.508140
ACC356679,CUST1017,credit,2024-07-11 00:00:39.508144
ACC756018,CUST1018,credit,2024-04-11 00:00:39.508152
ACC256427,CUST1019,checking,2024-04-26 00:00:39.508160
ACC438690,CUST1020,credit,2023-09-20 00:00:39.508168
ACC635906,CUST1021,checking,2025-02-24 00:00:39.508176
ACC809780,CUST1021,savings,2025-09-10 00:00:39.508179
ACC160601,CUST1022,credit,2025-08-14 00:00:39.508194
ACC411267,CUST1023,checking,2024-06-24 00:00:39.508208
ACC765181,CUST1024,credit,2024-04-10 00:00:39.508225
ACC680598,CUST1024,savings,2025-07-09 00:00:39.508229
ACC942837,CUST1025,checking,2024-04-20 00:00:39.508238
ACC172083,CUST1026,savings,2025-09-09 00:00:39.508246
ACC795277,CUST1027,savings,2025-03-28 00:00:39.508254
ACC604154,CUST1028,checking,2024-07-15 00:00:39.508262
ACC793548,CUST1028,checking,2024-06-08 00:00:39.508266
ACC494584,CUST1029,savings,2025-09-08 00:00:39.508274
ACC666006,CUST1029,checking,2025-12-14 00:00:39.508277
ACC903254,CUST1030,savings,2023-11-11 00:00:39.508285
ACC927240,CUST1030,checking,2025-08-26 00:00:39.508288
ACC518632,CUST1031,savings,2023-11-20 00:00:39.508296
ACC527927,CUST1031,credit,2025-04-16 00:00:39.508300
ACC335190,CUST1032,checking,2025-01-27 00:00:39.508307
ACC918667,CUST1032,checking,2025-02-10 00:00:39.508311
ACC980089,CUST1033,savings,2023-10-21 00:00:39.508318
ACC871140,CUST1033,credit,2023-09-11 00:00:39.508322
ACC632355,CUST1034,credit,2023-09-13 00:00:39.508329
ACC525165,CUST1034,credit,2025-10-31 00:00:39.508334
ACC943720,CUST1035,savings,2025-07-23 00:00:39.508341
ACC767695,CUST1036,checking,2025-02-25 00:00:39.508349
ACC851289,CUST1037,checking,2024-09-01 00:00:39.508357
ACC619620,CUST1037,savings,2024-04-24 00:00:39.508360
ACC279023,CUST1038,credit,2025-08-16 00:00:39.508367
ACC541703,CUST1039,savings,2025-12-08 00:00:39.508375
ACC868814,CUST1040,savings,2025-08-17 00:00:39.508383
ACC437929,CUST1040,credit,2025-11-20 00:00:39.508386
ACC279041,CUST1041,savings,2024-03-05 00:00:39.508393
ACC989061,CUST1042,savings,2025-11-11 00:00:39.508401
ACC890499,CUST1043,checking,2023-12-19 00:00:39.508408
ACC546274,CUST1044,savings,2025-03-05 00:00:39.508416
ACC902394,CUST1045,savings,2025-06-16 00:00:39.508423
ACC694639,CUST1046,savings,2024-04-22 00:00:39.508433
ACC911001,CUST1046,credit,2025-08-14 00:00:39.508436
ACC251126,CUST1047,credit,2025-05-18 00:00:39.508444
ACC766171,CUST1047,credit,2024-10-27 00:00:39.508447
ACC174496,CUST1048,checking,2025-02-09 00:00:39.508455
ACC738917,CUST1048,savings,2025-01-24 00:00:39.508459
ACC906247,CUST1049,credit,2025-03-30 00:00:39.508466
ACC937758,CUST1050,checking,2024-06-15 00:00:39.508473
ACC705321,CUST1050,credit,2024-01-27 00:00:39.508477
ACC229224,CUST1051,checking,2024-11-07 00:00:39.508485
ACC720675,CUST1052,checking,2025-07-04 00:00:39.508493
ACC340533,CUST1053,savings,2025-08-08 00:00:39.508502
ACC128013,CUST1054,checking,2024-01-16 00:00:39.508509
ACC522926,CUST1055,savings,2024-09-21 00:00:39.508517
ACC211018,CUST1055,checking,2025-10-21 00:00:39.508520
ACC457454,CUST1056,savings,2023-11-07 00:00:39.508530
ACC541449,CUST1056,credit,2025-11-12 00:00:39.508534
ACC963757,CUST1057,checking,2024-04-04 00:00:39.508542
ACC452203,CUST1058,savings,2024-11-06 00:00:39.508549
ACC130547,CUST1058,checking,2025-06-06 00:00:39.508553
ACC708477,CUST1059,checking,2024-01-06 00:00:39.508560
ACC326458,CUST1060,savings,2023-12-31 00:00:39.508568
ACC377450,CUST1060,checking,2025-06-08 00:00:39.508571
ACC703104,CUST1061,checking,2023-10-25 00:00:39.508579
ACC489445,CUST1061,credit,2024-08-04 00:00:39.508582
ACC417914,CUST1062,savings,2025-03-27 00:00:39.508590
ACC478078,CUST1063,credit,2025-10-12 00:00:39.508598
ACC345244,CUST1063,savings,2024-09-16 00:00:39.508602
ACC712464,CUST1064,savings,2025-04-18 00:00:39.508609
ACC267695,CUST1065,savings,2023-12-10 00:00:39.508617
ACC122424,CUST1065,checking,2023-12-05 00:00:39.508620
ACC146673,CUST1066,credit,2024-02-10 00:00:39.508786
ACC501684,CUST1067,savings,2025-01-28 00:00:39.508799
ACC168366,CUST1068,checking,2024-04-20 00:00:39.508807
ACC128125,CUST1068,checking,2024-05-26 00:00:39.508811
ACC666627,CUST1069,savings,2025-05-15 00:00:39.508819
ACC492837,CUST1069,credit,2024-08-20 00:00:39.508822
ACC870682,CUST1070,savings,2025-08-30 00:00:39.508830
ACC424281,CUST1071,checking,2024-07-02 00:00:39.508840
ACC172476,CUST1071,checking,2024-12-01 00:00:39.508843
ACC701764,CUST1072,credit,2024-01-12 00:00:39.508850
ACC675746,CUST1072,checking,2025-05-05 00:00:39.508854
ACC818578,CUST1073,savings,2024-02-08 00:00:39.508863
ACC987865,CUST1074,savings,2024-11-01 00:00:39.508870
ACC791082,CUST1075,credit,2025-12-10 00:00:39.508878
ACC562785,CUST1075,credit,2025-10-13 00:00:39.508881
ACC277318,CUST1076,credit,2025-06-06 00:00:39.508890
ACC453295,CUST1077,savings,2025-11-24 00:00:39.508898
ACC615737,CUST1078,credit,2024-11-26 00:00:39.508906
ACC447113,CUST1079,checking,2025-05-03 00:00:39.508914
ACC464963,CUST1079,credit,2024-12-10 00:00:39.508917
ACC161120,CUST1080,savings,2025-01-21 00:00:39.508924
ACC883410,CUST1080,credit,2025-01-29 00:00:39.508928
ACC935871,CUST1081,savings,2024-06-06 00:00:39.508935
ACC685116,CUST1082,checking,2024-06-22 00:00:39.508943
ACC346850,CUST1082,checking,2024-06-04 00:00:39.508946
ACC903881,CUST1083,savings,2023-12-04 00:00:39.508954
ACC211529,CUST1084,savings,2025-01-21 00:00:39.508961
ACC558346,CUST1084,checking,2024-11-22 00:00:39.508965
ACC152597,CUST1085,credit,2023-08-25 00:00:39.508972
ACC995706,CUST1086,credit,2025-01-14 00:00:39.508980
ACC311910,CUST1087,checking,2025-04-01 00:00:39.508987
ACC881706,CUST1087,checking,2023-11-21 00:00:39.508991
ACC840164,CUST1088,checking,2025-02-03 00:00:39.508999
ACC913395,CUST1089,credit,2024-05-20 00:00:39.509007
ACC762461,CUST1089,credit,2023-12-21 00:00:39.509010
ACC426431,CUST1090,savings,2024-12-12 00:00:39.509018
ACC145898,CUST1090,savings,2025-04-06 00:00:39.509022
ACC703779,CUST1091,credit,2024-11-25 00:00:39.509029
ACC750691,CUST1092,savings,2025-09-10 00:00:39.509036
ACC903971,CUST1093,checking,2024-07-04 00:00:39.509044
ACC308862,CUST1093,checking,2023-11-19 00:00:39.509047
ACC961553,CUST1094,checking,2025-04-29 00:00:39.509054
ACC418918,CUST1095,savings,2023-09-09 00:00:39.509062
ACC376981,CUST1096,credit,2024-07-17 00:00:39.509070
ACC122722,CUST1097,credit,2025-03-28 00:00:39.509077
ACC187512,CUST1098,savings,2025-06-09 00:00:39.509085
ACC294503,CUST1099,checking,2023-12-19 00:00:39.509093
ACC107220,CUST1099,checking,2024-03-22 00:00:39.509096
ACC765977,CUST1100,credit,2024-02-21 00:00:39.509105
ACC696564,CUST1100,savings,2025-03-02 00:00:39.509109
ACC236668,CUST1101,checking,2023-10-06 00:00:39.509116
ACC469489,CUST1102,credit,2025-06-28 00:00:39.509125
ACC799759,CUST1103,checking,2025-07-30 00:00:39.509132
ACC121319,CUST1104,checking,2025-10-06 00:00:39.509140
ACC380302,CUST1104,credit,2024-12-20 00:00:39.509143
ACC634421,CUST1105,checking,2025-04-07 00:00:39.509151
ACC694234,CUST1106,savings,2025-09-09 00:00:39.509159
ACC838179,CUST1106,credit,2024-07-17 00:00:39.509162
ACC517178,CUST1107,savings,2023-09-18 00:00:39.509170
ACC562363,CUST1107,checking,2025-05-31 00:00:39.509173
ACC472143,CUST1108,checking,2025-09-24 00:00:39.509180
ACC379905,CUST1108,savings,2024-05-07 00:00:39.509184
ACC314984,CUST1109,savings,2024-02-10 00:00:39.509191
ACC903413,CUST1110,checking,2025-09-10 00:00:39.509199
ACC273393,CUST1110,savings,2024-01-12 00:00:39.509202
ACC542874,CUST1111,credit,2025-08-20 00:00:39.509210
ACC419539,CUST1112,credit,2024-09-19 00:00:39.509218
ACC795488,CUST1112,savings,2025-12-17 00:00:39.509222
ACC283964,CUST1113,checking,2025-02-05 00:00:39.509229
ACC892564,CUST1114,savings,2025-03-03 00:00:39.509237
ACC804844,CUST1114,savings,2025-02-17 00:00:39.509240
ACC553338,CUST1115,checking,2025-09-03 00:00:39.509247
ACC393164,CUST1116,checking,2023-10-07 00:00:39.509260
ACC416307,CUST1116,checking,2025-12-09 00:00:39.509266
ACC730483,CUST1117,credit,2024-06-02 00:00:39.509279
ACC440237,CUST1118,credit,2024-07-25 00:00:39.509295
ACC956686,CUST1119,savings,2024-10-11 00:00:39.509304
ACC593707,CUST1120,checking,2025-08-14 00:00:39.509311
ACC628838,CUST1121,savings,2025-01-02 00:00:39.509319
ACC335000,CUST1121,savings,2024-10-12 00:00:39.509323
ACC622158,CUST1122,savings,2025-04-18 00:00:39.509331
ACC265690,CUST1122,checking,2024-07-23 00:00:39.509335
ACC747352,CUST1123,savings,2024-04-15 00:00:39.509343
ACC647880,CUST1124,savings,2023-10-04 00:00:39.509350
ACC253803,CUST1124,credit,2024-10-22 00:00:39.509354
ACC158695,CUST1125,savings,2024-05-06 00:00:39.509362
ACC755495,CUST1126,checking,2025-11-24 00:00:39.509370
ACC306725,CUST1127,credit,2024-07-27 00:00:39.509377
ACC484293,CUST1127,savings,2025-03-22 00:00:39.509380
ACC138487,CUST1128,savings,2024-09-12 00:00:39.509388
ACC550960,CUST1129,credit,2025-07-18 00:00:39.509395
ACC352057,CUST1130,savings,2023-09-14 00:00:39.509403
ACC126111,CUST1130,checking,2024-03-28 00:00:39.509407
ACC882109,CUST1131,savings,2024-12-02 00:00:39.509414
ACC789812,CUST1132,checking,2024-04-29 00:00:39.509422
ACC345127,CUST1133,credit,2023-12-21 00:00:39.509429
ACC976835,CUST1134,checking,2025-12-29 00:00:39.509437
ACC858102,CUST1135,checking,2025-10-06 00:00:39.509445
ACC315801,CUST1135,savings,2025-01-10 00:00:39.509449
ACC157464,CUST1136,credit,2025-10-24 00:00:39.509456
ACC573829,CUST1136,credit,2024-07-03 00:00:39.509513
ACC108572,CUST1137,checking,2025-01-06 00:00:39.509523
ACC265330,CUST1137,credit,2023-10-10 00:00:39.509527
ACC169868,CUST1138,credit,2023-10-25 00:00:39.509539
ACC260816,CUST1139,savings,2025-12-24 00:00:39.509547
ACC136465,CUST1140,savings,2024-01-18 00:00:39.509555
ACC502966,CUST1140,checking,2024-06-17 00:00:39.509558
ACC210443,CUST1141,checking,2024-05-09 00:00:39.509566
ACC448542,CUST1142,credit,2024-04-27 00:00:39.509573
ACC645066,CUST1143,checking,2024-02-03 00:00:39.509581
ACC703064,CUST1144,checking,2025-02-03 00:00:39.509588
ACC278875,CUST1145,checking,2025-09-27 00:00:39.509596
ACC748520,CUST1145,checking,2025-04-21 00:00:39.509600
ACC611026,CUST1146,savings,2023-12-04 00:00:39.509607
ACC390913,CUST1146,checking,2024-05-09 00:00:39.509610
ACC731537,CUST1147,savings,2025-09-28 00:00:39.509618
ACC917653,CUST1147,savings,2025-03-09 00:00:39.509621
ACC841842,CUST1148,checking,2024-08-03 00:00:39.509628
ACC188942,CUST1149,savings,2023-11-29 00:00:39.509636
ACC838117,CUST1149,savings,2023-10-06 00:00:39.509639
ACC231186,CUST1150,savings,2023-09-13 00:00:39.509647
ACC764781,CUST1150,checking,2023-09-30 00:00:39.509650
ACC825078,CUST1151,savings,2023-11-19 00:00:39.509658
ACC444012,CUST1152,credit,2023-09-04 00:00:39.509665
ACC223628,CUST1153,savings,2024-01-31 00:00:39.509673
ACC534490,CUST1153,checking,2024-07-16 00:00:39.509676
ACC863695,CUST1154,credit,2024-01-08 00:00:39.509683
ACC933317,CUST1154,credit,2023-11-09 00:00:39.509687
ACC960572,CUST1155,checking,2025-06-25 00:00:39.509694
ACC120776,CUST1155,savings,2023-12-23 00:00:39.509698
ACC502224,CUST1156,savings,2023-10-03 00:00:39.509706
ACC962747,CUST1156,savings,2025-11-28 00:00:39.509710
ACC103277,CUST1157,checking,2024-12-07 00:00:39.509717
ACC163306,CUST1158,credit,2024-11-26 00:00:39.509725
ACC763283,CUST1158,checking,2024-04-07 00:00:39.509728
ACC573412,CUST1159,checking,2024-07-25 00:00:39.509737
ACC700981,CUST1159,credit,2025-09-16 00:00:39.509740
ACC503496,CUST1160,credit,2025-09-30 00:00:39.509748
ACC466075,CUST1161,checking,2025-01-06 00:00:39.509756
ACC104384,CUST1161,credit,2025-01-31 00:00:39.509759
ACC788752,CUST1162,credit,2025-04-01 00:00:39.509767
ACC158810,CUST1163,savings,2025-10-17 00:00:39.509774
ACC240148,CUST1164,credit,2025-10-26 00:00:39.509782
ACC577095,CUST1165,credit,2025-02-10 00:00:39.509789
ACC203348,CUST1165,savings,2023-12-07 00:00:39.509793
ACC944674,CUST1166,checking,2025-02-02 00:00:39.509800
ACC243804,CUST1166,checking,2023-08-22 00:00:39.509804
ACC377861,CUST1167,checking,2024-01-14 00:00:39.509811
ACC514744,CUST1168,credit,2025-09-29 00:00:39.509819
ACC709416,CUST1168,savings,2025-02-26 00:00:39.509822
ACC910491,CUST1169,savings,2023-10-27 00:00:39.509829
ACC579538,CUST1169,checking,2024-01-19 00:00:39.509833
ACC434175,CUST1170,checking,2024-12-15 00:00:39.509840
ACC331889,CUST1171,savings,2025-07-12 00:00:39.509848
ACC148435,CUST1172,savings,2025-09-10 00:00:39.509859
ACC689009,CUST1172,checking,2024-08-23 00:00:39.509863
ACC355624,CUST1173,savings,2024-10-14 00:00:39.509870
ACC420338,CUST1174,credit,2024-07-18 00:00:39.509878
ACC182509,CUST1174,checking,2025-10-17 00:00:39.509881
ACC901807,CUST1175,savings,2025-04-07 00:00:39.509888
ACC225625,CUST1175,checking,2025-02-21 00:00:39.509892
ACC324424,CUST1176,credit,2024-12-29 00:00:39.509900
ACC712911,CUST1176,savings,2024-04-03 00:00:39.509904
ACC249105,CUST1177,credit,2023-09-20 00:00:39.509912
ACC968280,CUST1177,savings,2025-11-13 00:00:39.509915
ACC759605,CUST1178,checking,2024-02-10 00:00:39.509922
ACC656381,CUST1179,credit,2024-12-16 00:00:39.509931
ACC692301,CUST1180,savings,2024-01-18 00:00:39.509938
ACC951831,CUST1181,checking,2025-04-23 00:00:39.509945
ACC272461,CUST1182,credit,2025-05-16 00:00:39.509953
ACC738216,CUST1182,credit,2023-09-10 00:00:39.509957
ACC337108,CUST1183,savings,2025-09-23 00:00:39.509964
ACC116054,CUST1183,checking,2024-08-11 00:00:39.509968
ACC220361,CUST1184,checking,2025-08-31 00:00:39.509976
ACC956100,CUST1185,credit,2024-02-29 00:00:39.509983
ACC830098,CUST1185,checking,2025-06-21 00:00:39.509987
ACC793043,CUST1186,checking,2025-01-23 00:00:39.509995
ACC713464,CUST1186,credit,2025-04-16 00:00:39.509998
ACC282101,CUST1187,savings,2023-12-22 00:00:39.510005
ACC900693,CUST1187,savings,2025-04-29 00:00:39.510009
ACC860534,CUST1188,savings,2025-01-13 00:00:39.510016
ACC579915,CUST1189,savings,2025-05-22 00:00:39.510024
ACC825194,CUST1190,savings,2023-11-16 00:00:39.510031
ACC686404,CUST1191,credit,2024-06-14 00:00:39.510039
ACC369758,CUST1191,credit,2023-12-07 00:00:39.510042
ACC381474,CUST1192,credit,2024-12-16 00:00:39.510050
ACC545442,CUST1193,credit,2025-11-10 00:00:39.510057
ACC792934,CUST1194,checking,2025-06-22 00:00:39.510065
ACC635368,CUST1195,credit,2023-09-20 00:00:39.510072
ACC831870,CUST1196,savings,2024-11-03 00:00:39.510080
ACC883746,CUST1197,savings,2025-07-08 00:00:39.510087
ACC539260,CUST1198,checking,2025-12-26 00:00:39.510095
ACC309092,CUST1198,credit,2024-01-11 00:00:39.510098
ACC579490,CUST1199,checking,2024-03-30 00:00:39.510106
ACC637743,CUST1199,credit,2023-12-09 00:00:39.510109
ACC530324,CUST1200,savings,2024-02-17 00:00:39.510117
ACC199586,CUST1201,savings,2023-12-07 00:00:39.510124
ACC460174,CUST1202,checking,2023-12-05 00:00:39.510132
ACC786440,CUST1202,credit,2025-08-22 00:00:39.510135
ACC230695,CUST1203,checking,2025-04-01 00:00:39.510157
ACC247106,CUST1203,credit,2025-04-10 00:00:39.510161
ACC789536,CUST1204,checking,2025-03-03 00:00:39.510168
ACC854745,CUST1205,checking,2024-08-17 00:00:39.510175
ACC592532,CUST1206,savings,2024-01-13 00:00:39.510183
ACC916217,CUST1207,credit,2025-10-25 00:00:39.510191
ACC659955,CUST1208,savings,2025-07-28 00:00:39.510199
ACC340654,CUST1208,savings,2025-01-24 00:00:39.510202
ACC311695,CUST1209,credit,2025-01-18 00:00:39.510211
ACC829966,CUST1210,credit,2024-12-26 00:00:39.510219
ACC338715,CUST1211,checking,2024-05-03 00:00:39.510226
ACC601063,CUST1212,savings,2025-02-25 00:00:39.510234
ACC943228,CUST1213,savings,2023-10-27 00:00:39.510242
ACC798123,CUST1213,credit,2025-03-13 00:00:39.510246
ACC521299,CUST1214,checking,2025-01-19 00:00:39.510253
ACC339070,CUST1214,credit,2023-10-28 00:00:39.510257
ACC639300,CUST1215,checking,2024-05-15 00:00:39.510264
ACC213847,CUST1215,checking,2024-11-03 00:00:39.510267
ACC105242,CUST1216,credit,2025-11-01 00:00:39.510275
ACC755884,CUST1217,credit,2023-09-20 00:00:39.510282
ACC747534,CUST1218,checking,2025-10-29 00:00:39.510289
ACC422514,CUST1218,credit,2024-11-16 00:00:39.510293
ACC652404,CUST1219,checking,2025-11-23 00:00:39.510300
ACC296484,CUST1220,savings,2024-09-21 00:00:39.510307
ACC496755,CUST1221,checking,2024-01-11 00:00:39.510315
ACC668239,CUST1221,checking,2025-01-21 00:00:39.510318
ACC769037,CUST1222,savings,2025-05-15 00:00:39.510327
ACC687166,CUST1222,checking,2024-04-15 00:00:39.510335
ACC494703,CUST1223,credit,2024-09-26 00:00:39.510348
ACC547345,CUST1223,savings,2025-11-08 00:00:39.510354
ACC608448,CUST1224,credit,2024-11-02 00:00:39.510365
ACC743259,CUST1224,checking,2024-08-17 00:00:39.510368
ACC242443,CUST1225,savings,2024-04-03 00:00:39.510392
ACC815250,CUST1226,credit,2025-06-30 00:00:39.510400
ACC919902,CUST1227,checking,2023-09-05 00:00:39.510408
ACC332514,CUST1227,checking,2023-08-28 00:00:39.510411
ACC769188,CUST1228,checking,2024-08-04 00:00:39.510419
ACC101967,CUST1229,credit,2025-01-02 00:00:39.510427
ACC525726,CUST1229,checking,2024-04-30 00:00:39.510431
ACC548904,CUST1230,savings,2024-12-14 00:00:39.510438
ACC905390,CUST1230,credit,2023-12-13 00:00:39.510442
ACC858646,CUST1231,savings,2025-02-13 00:00:39.510451
ACC478609,CUST1232,credit,2023-08-19 00:00:39.510458
ACC952734,CUST1232,checking,2023-09-17 00:00:39.510461
ACC336286,CUST1233,credit,2024-10-17 00:00:39.510469
ACC683655,CUST1234,checking,2024-01-13 00:00:39.510491
ACC212063,CUST1235,savings,2025-07-19 00:00:39.510499
ACC482681,CUST1236,credit,2025-07-31 00:00:39.510506
ACC987930,CUST1237,credit,2025-07-09 00:00:39.510514
ACC419236,CUST1237,checking,2024-03-24 00:00:39.510517
ACC748988,CUST1238,credit,2024-06-14 00:00:39.510546
ACC404625,CUST1239,savings,2024-02-09 00:00:39.510555
ACC284015,CUST1239,savings,2024-11-06 00:00:39.510558
ACC943193,CUST1240,savings,2025-08-03 00:00:39.510566
ACC896886,CUST1240,checking,2024-12-16 00:00:39.510569
ACC719540,CUST1241,credit,2024-10-29 00:00:39.510577
ACC673088,CUST1241,credit,2024-01-10 00:00:39.510586
ACC924609,CUST1242,checking,2024-07-11 00:00:39.510598
ACC624631,CUST1242,savings,2024-04-26 00:00:39.510604
ACC112456,CUST1243,checking,2024-12-30 00:00:39.510620
ACC479056,CUST1244,credit,2024-02-15 00:00:39.510636
ACC881847,CUST1245,checking,2025-03-05 00:00:39.510648
ACC732223,CUST1245,savings,2024-11-15 00:00:39.510654
ACC553843,CUST1246,credit,2023-12-03 00:00:39.510677
ACC964616,CUST1246,credit,2025-06-10 00:00:39.510683
ACC520951,CUST1247,credit,2025-11-01 00:00:39.510697
ACC548782,CUST1248,savings,2024-08-06 00:00:39.510705
ACC191771,CUST1248,checking,2025-12-05 00:00:39.510709
ACC419171,CUST1249,savings,2024-03-09 00:00:39.510716
ACC469817,CUST1250,credit,2025-02-20 00:00:39.510725
ACC626143,CUST1250,checking,2024-09-23 00:00:39.510728
ACC659186,CUST1251,checking,2025-12-21 00:00:39.510736
ACC283495,CUST1252,credit,2025-09-01 00:00:39.510746
ACC114651,CUST1252,credit,2023-09-14 00:00:39.510749
ACC959874,CUST1253,credit,2023-11-14 00:00:39.510756
ACC445447,CUST1253,credit,2024-05-25 00:00:39.510760
ACC119071,CUST1254,credit,2024-06-01 00:00:39.510767
ACC889938,CUST1255,savings,2024-01-23 00:00:39.510775
ACC515820,CUST1255,credit,2024-02-26 00:00:39.510778
ACC249663,CUST1256,checking,2024-04-04 00:00:39.510786
ACC585814,CUST1256,checking,2025-06-08 00:00:39.510789
ACC512638,CUST1257,savings,2025-07-15 00:00:39.510797
ACC213202,CUST1258,credit,2025-01-19 00:00:39.510810
ACC306793,CUST1258,savings,2025-07-13 00:00:39.510813
ACC645550,CUST1259,credit,2025-02-11 00:00:39.510820
ACC585425,CUST1260,checking,2024-11-11 00:00:39.510828
ACC506213,CUST1261,checking,2025-11-18 00:00:39.510836
ACC816277,CUST1261,savings,2025-06-20 00:00:39.510839
ACC671918,CUST1262,checking,2023-10-02 00:00:39.510846
ACC395208,CUST1262,checking,2024-11-24 00:00:39.510849
ACC887192,CUST1263,savings,2024-12-08 00:00:39.510858
ACC536208,CUST1263,checking,2024-03-05 00:00:39.510862
ACC437401,CUST1264,credit,2024-08-05 00:00:39.510869
ACC484776,CUST1264,checking,2025-05-09 00:00:39.510873
ACC929600,CUST1265,credit,2023-09-14 00:00:39.510880
ACC271902,CUST1265,checking,2024-03-17 00:00:39.510883
ACC878522,CUST1266,checking,2025-04-07 00:00:39.510895
ACC123193,CUST1266,checking,2024-05-30 00:00:39.510899
ACC273806,CUST1267,checking,2024-09-10 00:00:39.510906
ACC156536,CUST1267,checking,2024-03-02 00:00:39.510909
ACC978599,CUST1268,checking,2025-05-24 00:00:39.510916
ACC566107,CUST1269,savings,2025-06-28 00:00:39.510939
ACC987197,CUST1269,credit,2023-10-21 00:00:39.510942
ACC862532,CUST1270,savings,2024-06-08 00:00:39.510950
ACC743792,CUST1271,credit,2024-10-28 00:00:39.510966
ACC183445,CUST1271,savings,2025-05-05 00:00:39.510970
ACC548607,CUST1272,checking,2024-03-05 00:00:39.510978
ACC955316,CUST1272,credit,2025-03-29 00:00:39.510981
ACC488110,CUST1273,savings,2023-11-13 00:00:39.510989
ACC278024,CUST1274,credit,2025-06-07 00:00:39.510996
ACC790077,CUST1274,credit,2025-06-09 00:00:39.510999
ACC425218,CUST1275,checking,2025-06-29 00:00:39.511007
ACC188773,CUST1275,credit,2023-12-15 00:00:39.511010
ACC857642,CUST1276,credit,2024-11-05 00:00:39.511018
ACC236533,CUST1277,credit,2025-11-28 00:00:39.511029
ACC686508,CUST1277,savings,2024-03-11 00:00:39.511033
ACC743031,CUST1278,savings,2023-10-30 00:00:39.511040
ACC658105,CUST1278,savings,2023-10-30 00:00:39.511043
ACC365010,CUST1279,checking,2024-02-17 00:00:39.511050
ACC515135,CUST1279,credit,2025-12-16 00:00:39.511054
ACC294736,CUST1280,savings,2025-02-15 00:00:39.511061
ACC730708,CUST1281,savings,2025-04-05 00:00:39.511068
ACC142827,CUST1281,checking,2024-07-25 00:00:39.511072
ACC418283,CUST1282,checking,2025-05-22 00:00:39.511081
ACC305613,CUST1282,checking,2024-04-01 00:00:39.511084
ACC726506,CUST1283,checking,2024-06-06 00:00:39.511091
ACC924288,CUST1283,savings,2025-05-05 00:00:39.511095
ACC233324,CUST1284,savings,2024-02-07 00:00:39.511106
ACC721037,CUST1284,credit,2024-07-29 00:00:39.511110
ACC739340,CUST1285,savings,2024-10-25 00:00:39.511117
ACC773582,CUST1286,credit,2025-08-01 00:00:39.511126
ACC756070,CUST1287,checking,2023-09-12 00:00:39.511133
ACC265440,CUST1287,checking,2025-09-02 00:00:39.511137
ACC722410,CUST1288,checking,2025-11-08 00:00:39.511144
ACC801138,CUST1288,credit,2024-07-01 00:00:39.511148
ACC561181,CUST1289,credit,2025-01-17 00:00:39.511155
ACC610405,CUST1290,checking,2025-09-28 00:00:39.511165
ACC925104,CUST1291,checking,2025-03-28 00:00:39.511172
ACC938311,CUST1291,savings,2025-02-11 00:00:39.511175
ACC538637,CUST1292,credit,2025-11-20 00:00:39.511183
ACC498917,CUST1293,credit,2025-11-14 00:00:39.511190
ACC186237,CUST1293,savings,2023-11-21 00:00:39.511193
ACC723475,CUST1294,savings,2025-03-30 00:00:39.511201
ACC647970,CUST1295,credit,2025-08-31 00:00:39.511208
ACC722129,CUST1296,checking,2024-04-24 00:00:39.511215
ACC189866,CUST1297,savings,2024-09-10 00:00:39.511223
ACC813490,CUST1298,savings,2024-06-28 00:00:39.511235
ACC743703,CUST1298,credit,2025-05-02 00:00:39.511238
ACC821572,CUST1299,credit,2025-05-13 00:00:39.511245
ACC911945,CUST1300,savings,2025-11-30 00:00:39.511253
ACC540832,CUST1301,checking,2023-12-12 00:00:39.511261
ACC280248,CUST1301,savings,2024-04-03 00:00:39.511264
ACC491493,CUST1302,checking,2024-02-03 00:00:39.511271
ACC454158,CUST1303,savings,2023-08-26 00:00:39.511279
ACC480300,CUST1304,checking,2024-06-13 00:00:39.511287
ACC360526,CUST1304,savings,2024-07-19 00:00:39.511291
ACC645058,CUST1305,checking,2024-06-17 00:00:39.511298
ACC850817,CUST1306,credit,2024-09-15 00:00:39.511305
ACC999659,CUST1306,savings,2024-12-01 00:00:39.511309
ACC714302,CUST1307,checking,2025-05-20 00:00:39.511320
ACC976062,CUST1307,credit,2024-05-02 00:00:39.511327
ACC183081,CUST1308,checking,2025-03-07 00:00:39.511334
ACC260525,CUST1308,credit,2025-07-06 00:00:39.511338
ACC489710,CUST1309,savings,2024-06-20 00:00:39.511345
ACC362352,CUST1309,checking,2024-03-10 00:00:39.511348
ACC135095,CUST1310,credit,2025-08-01 00:00:39.511356
ACC766891,CUST1311,savings,2025-09-11 00:00:39.511363
ACC476589,CUST1311,credit,2025-06-24 00:00:39.511368
ACC295318,CUST1312,checking,2024-02-01 00:00:39.511376
ACC367861,CUST1313,credit,2025-08-26 00:00:39.511383
ACC945340,CUST1314,savings,2025-12-26 00:00:39.511391
ACC431744,CUST1315,savings,2025-06-16 00:00:39.511398
ACC413327,CUST1316,credit,2025-08-09 00:00:39.511405
ACC271474,CUST1317,checking,2024-07-02 00:00:39.511418
ACC210942,CUST1318,savings,2025-04-18 00:00:39.511431
ACC465640,CUST1319,savings,2025-07-19 00:00:39.511443
ACC922939,CUST1320,checking,2024-09-09 00:00:39.511455
ACC981885,CUST1321,credit,2025-09-08 00:00:39.511462
ACC129392,CUST1322,savings,2025-02-19 00:00:39.511470
ACC369668,CUST1322,credit,2024-08-07 00:00:39.511473
ACC233971,CUST1323,checking,2024-09-22 00:00:39.511483
ACC625908,CUST1323,checking,2024-01-29 00:00:39.511486
ACC296944,CUST1324,credit,2025-05-25 00:00:39.511494
ACC834221,CUST1324,credit,2025-10-07 00:00:39.511497
ACC240728,CUST1325,checking,2024-04-01 00:00:39.511505
ACC764145,CUST1326,credit,2023-12-04 00:00:39.511512
ACC706356,CUST1326,checking,2025-11-29 00:00:39.511516
ACC467465,CUST1327,savings,2025-01-19 00:00:39.511525
ACC727985,CUST1327,savings,2024-06-11 00:00:39.511528
ACC458295,CUST1328,savings,2024-12-18 00:00:39.511536
ACC349833,CUST1328,credit,2024-12-20 00:00:39.511539
ACC893797,CUST1329,checking,2024-04-17 00:00:39.511553
ACC357451,CUST1330,savings,2025-04-05 00:00:39.511561
ACC194440,CUST1331,checking,2024-05-22 00:00:39.511569
ACC887813,CUST1332,credit,2023-11-22 00:00:39.511577
ACC170474,CUST1333,checking,2023-12-11 00:00:39.511585
ACC489005,CUST1333,checking,2024-03-12 00:00:39.511588
ACC950292,CUST1334,credit,2024-10-20 00:00:39.511595
ACC420688,CUST1334,savings,2023-11-17 00:00:39.511599
ACC444784,CUST1335,checking,2024-12-06 00:00:39.511606
ACC602897,CUST1335,checking,2023-09-18 00:00:39.511614
ACC776979,CUST1336,savings,2025-06-04 00:00:39.511623
ACC343205,CUST1336,savings,2024-12-15 00:00:39.511626
ACC860232,CUST1337,savings,2024-05-27 00:00:39.511634
ACC605228,CUST1338,checking,2023-08-19 00:00:39.511641
ACC804895,CUST1339,savings,2023-09-01 00:00:39.511648
ACC326342,CUST1340,savings,2024-06-24 00:00:39.511657
ACC389557,CUST1340,checking,2024-10-26 00:00:39.511661
ACC859354,CUST1341,credit,2023-08-31 00:00:39.511668
ACC655320,CUST1342,savings,2025-07-12 00:00:39.511675
ACC916309,CUST1343,checking,2024-05-13 00:00:39.511688
ACC209157,CUST1343,credit,2025-04-11 00:00:39.511691
ACC183112,CUST1344,checking,2023-10-10 00:00:39.511698
ACC459192,CUST1344,checking,2025-04-30 00:00:39.511702
ACC152157,CUST1345,credit,2025-09-13 00:00:39.511709
ACC546523,CUST1346,savings,2024-11-03 00:00:39.511717
ACC204008,CUST1347,checking,2025-12-06 00:00:39.511725
ACC865727,CUST1348,checking,2024-11-16 00:00:39.511732
ACC917040,CUST1349,savings,2025-12-11 00:00:39.511742
ACC999384,CUST1350,credit,2023-10-22 00:00:39.511750
ACC639338,CUST1351,checking,2025-08-26 00:00:39.511758
ACC659496,CUST1351,savings,2024-07-10 00:00:39.511761
ACC332313,CUST1352,checking,2024-01-28 00:00:39.511768
ACC965600,CUST1352,savings,2025-11-02 00:00:39.511772
ACC829328,CUST1353,credit,2024-09-28 00:00:39.511784
ACC382896,CUST1353,checking,2024-01-04 00:00:39.511788
ACC881068,CUST1354,savings,2024-05-24 00:00:39.511795
ACC740052,CUST1355,savings,2025-02-25 00:00:39.511802
ACC899786,CUST1355,savings,2024-04-05 00:00:39.511806
ACC852000,CUST1356,savings,2025-09-20 00:00:39.511813
ACC567026,CUST1357,credit,2024-01-13 00:00:39.511821
ACC410898,CUST1358,checking,2024-03-27 00:00:39.511831
ACC653456,CUST1358,credit,2024-07-30 00:00:39.511834
ACC222114,CUST1359,savings,2024-08-31 00:00:39.511842
ACC841651,CUST1360,savings,2024-10-27 00:00:39.511850
ACC764521,CUST1361,savings,2025-10-29 00:00:39.511857
ACC183227,CUST1361,savings,2025-01-19 00:00:39.511860
ACC916390,CUST1362,checking,2024-01-10 00:00:39.511868
ACC326772,CUST1362,credit,2024-06-20 00:00:39.511871
ACC648724,CUST1363,savings,2024-06-07 00:00:39.511878
ACC263549,CUST1363,checking,2024-11-30 00:00:39.511882
ACC397885,CUST1364,checking,2025-11-19 00:00:39.511889
ACC808577,CUST1365,checking,2023-09-20 00:00:39.511897
ACC808107,CUST1365,checking,2024-08-21 00:00:39.511900
ACC832696,CUST1366,savings,2025-03-09 00:00:39.511907
ACC146435,CUST1366,savings,2025-08-12 00:00:39.511911
ACC204563,CUST1367,savings,2023-12-28 00:00:39.511918
ACC748332,CUST1368,credit,2025-03-31 00:00:39.511925
ACC987889,CUST1368,credit,2024-02-26 00:00:39.511929
ACC279726,CUST1369,credit,2024-12-16 00:00:39.511936
ACC634930,CUST1369,credit,2024-12-18 00:00:39.511940
ACC170691,CUST1370,savings,2023-11-30 00:00:39.511948
ACC620878,CUST1370,credit,2024-07-08 00:00:39.511952
ACC972193,CUST1371,savings,2024-04-02 00:00:39.511959
ACC836222,CUST1372,credit,2025-05-10 00:00:39.511966
ACC929237,CUST1373,credit,2025-02-28 00:00:39.511991
ACC909277,CUST1374,checking,2023-10-26 00:00:39.512001
ACC974230,CUST1375,checking,2024-08-17 00:00:39.512008
ACC147649,CUST1375,credit,2024-10-22 00:00:39.512012
ACC299289,CUST1376,savings,2024-02-09 00:00:39.512019
ACC781583,CUST1377,checking,2025-06-07 00:00:39.512026
ACC765249,CUST1378,credit,2025-02-27 00:00:39.512034
ACC927952,CUST1378,credit,2024-11-30 00:00:39.512037
ACC481430,CUST1379,credit,2025-06-19 00:00:39.512044
ACC641909,CUST1379,credit,2023-08-21 00:00:39.512048
ACC380532,CUST1380,credit,2023-12-22 00:00:39.512057
ACC217984,CUST1380,credit,2023-09-01 00:00:39.512060
ACC947496,CUST1381,checking,2024-02-06 00:00:39.512068
ACC586166,CUST1382,checking,2024-03-16 00:00:39.512075
ACC226509,CUST1383,credit,2025-02-01 00:00:39.512083
ACC716121,CUST1384,savings,2025-01-03 00:00:39.512090
ACC493528,CUST1384,savings,2024-08-07 00:00:39.512094
ACC412484,CUST1385,credit,2023-08-22 00:00:39.512101
ACC495313,CUST1385,checking,2024-11-23 00:00:39.512104
ACC665236,CUST1386,savings,2024-11-11 00:00:39.512116
ACC884218,CUST1387,savings,2024-01-04 00:00:39.512123
ACC325781,CUST1387,savings,2024-08-25 00:00:39.512127
ACC262746,CUST1388,checking,2023-10-09 00:00:39.512136
ACC760431,CUST1388,credit,2024-04-25 00:00:39.512139
ACC675529,CUST1389,credit,2025-02-27 00:00:39.512146
ACC593149,CUST1389,savings,2023-09-26 00:00:39.512150
ACC376118,CUST1390,savings,2025-09-04 00:00:39.512157
ACC180888,CUST1391,checking,2024-05-14 00:00:39.512165
ACC525731,CUST1391,checking,2024-04-10 00:00:39.512170
ACC914081,CUST1392,checking,2024-07-25 00:00:39.512178
ACC284535,CUST1392,checking,2024-05-05 00:00:39.512187
ACC231025,CUST1393,savings,2023-09-19 00:00:39.512194
ACC485601,CUST1394,credit,2025-02-06 00:00:39.512205
ACC206620,CUST1395,savings,2025-02-07 00:00:39.512213
ACC571839,CUST1395,savings,2025-10-07 00:00:39.512217
ACC243514,CUST1396,checking,2024-03-30 00:00:39.512224
ACC759664,CUST1396,checking,2024-03-01 00:00:39.512227
ACC777432,CUST1397,checking,2025-12-29 00:00:39.512234
ACC103872,CUST1398,savings,2024-05-06 00:00:39.512242
ACC336424,CUST1399,credit,2024-08-22 00:00:39.512249
ACC193626,CUST1399,savings,2025-01-11 00:00:39.512253
ACC709800,CUST1400,savings,2025-01-11 00:00:39.512271
ACC868468,CUST1400,checking,2025-11-30 00:00:39.512274
ACC506329,CUST1401,checking,2025-01-27 00:00:39.512282
ACC709131,CUST1401,checking,2025-07-20 00:00:39.512285
ACC415687,CUST1402,checking,2025-07-14 00:00:39.512292
ACC338517,CUST1402,savings,2024-07-21 00:00:39.512296
ACC560953,CUST1403,credit,2023-09-10 00:00:39.512303
ACC101442,CUST1404,credit,2025-02-16 00:00:39.512311
ACC215940,CUST1404,checking,2024-07-25 00:00:39.512314
ACC400362,CUST1405,checking,2025-03-28 00:00:39.512321
ACC988919,CUST1405,credit,2024-03-30 00:00:39.512325
ACC541680,CUST1406,savings,2024-09-28 00:00:39.512336
ACC982599,CUST1407,checking,2023-11-27 00:00:39.512344
ACC983830,CUST1407,savings,2025-07-21 00:00:39.512347
ACC557019,CUST1408,credit,2025-01-10 00:00:39.512354
ACC643081,CUST1409,savings,2025-08-22 00:00:39.512362
ACC953051,CUST1409,credit,2024-04-30 00:00:39.512365
ACC945255,CUST1410,credit,2024-12-10 00:00:39.512372
ACC882678,CUST1410,checking,2023-10-20 00:00:39.512376
ACC957080,CUST1411,savings,2025-09-03 00:00:39.512384
ACC263552,CUST1412,credit,2024-09-30 00:00:39.512392
ACC565494,CUST1413,savings,2024-12-17 00:00:39.512399
ACC341493,CUST1413,savings,2024-12-01 00:00:39.512403
ACC298300,CUST1414,credit,2023-10-17 00:00:39.512414
ACC753396,CUST1414,credit,2025-04-10 00:00:39.512417
ACC297494,CUST1415,credit,2023-09-06 00:00:39.512426
ACC173647,CUST1415,checking,2025-07-18 00:00:39.512429
ACC176249,CUST1416,savings,2025-06-30 00:00:39.512436
ACC920082,CUST1417,checking,2024-02-27 00:00:39.512444
ACC578704,CUST1417,checking,2023-08-24 00:00:39.512448
ACC834749,CUST1418,credit,2025-05-01 00:00:39.512455
ACC845892,CUST1419,credit,2025-02-14 00:00:39.512462
ACC694238,CUST1420,credit,2023-08-12 00:00:39.512471
ACC794550,CUST1420,checking,2024-04-22 00:00:39.512474
ACC178126,CUST1421,checking,2025-10-16 00:00:39.512482
ACC408134,CUST1422,savings,2025-07-08 00:00:39.512499
ACC900503,CUST1422,checking,2025-02-20 00:00:39.512506
ACC564662,CUST1423,savings,2024-09-15 00:00:39.512519
ACC459897,CUST1423,savings,2025-07-10 00:00:39.512526
ACC994112,CUST1424,credit,2024-03-14 00:00:39.512538
ACC952459,CUST1424,savings,2024-06-09 00:00:39.512542
ACC707756,CUST1425,credit,2025-04-08 00:00:39.512556
ACC753894,CUST1425,credit,2023-12-09 00:00:39.512559
ACC521505,CUST1426,savings,2025-11-16 00:00:39.512573
ACC816188,CUST1426,savings,2025-03-19 00:00:39.512577
ACC435181,CUST1427,credit,2025-08-27 00:00:39.512584
ACC871745,CUST1428,savings,2024-08-12 00:00:39.512591
ACC475444,CUST1429,savings,2024-09-06 00:00:39.512598
ACC122662,CUST1429,savings,2024-02-29 00:00:39.512602
ACC522891,CUST1430,savings,2024-12-23 00:00:39.512609
ACC369604,CUST1430,savings,2024-04-05 00:00:39.512612
ACC967505,CUST1431,savings,2025-02-10 00:00:39.512622
ACC584621,CUST1432,credit,2025-05-19 00:00:39.512630
ACC469892,CUST1433,savings,2025-06-21 00:00:39.512637
ACC274103,CUST1434,credit,2025-10-15 00:00:39.512644
ACC404638,CUST1435,credit,2023-09-09 00:00:39.512655
ACC833074,CUST1435,credit,2024-02-11 00:00:39.512659
ACC953741,CUST1436,checking,2024-09-15 00:00:39.512672
ACC737920,CUST1436,credit,2024-12-19 00:00:39.512678
ACC136221,CUST1437,credit,2024-08-18 00:00:39.512693
ACC278356,CUST1438,checking,2025-03-01 00:00:39.512706
ACC231876,CUST1438,checking,2024-01-11 00:00:39.512712
ACC523215,CUST1439,credit,2024-05-22 00:00:39.512720
ACC122353,CUST1440,checking,2025-01-07 00:00:39.512727
ACC375397,CUST1440,checking,2025-12-01 00:00:39.512731
ACC247066,CUST1441,savings,2023-10-24 00:00:39.512744
ACC161045,CUST1442,savings,2025-03-20 00:00:39.512758
ACC297390,CUST1442,savings,2025-07-11 00:00:39.512764
ACC338893,CUST1443,credit,2023-12-13 00:00:39.512779
ACC233314,CUST1444,credit,2025-05-04 00:00:39.512793
ACC780683,CUST1445,checking,2025-04-06 00:00:39.512803
ACC254998,CUST1445,checking,2025-03-25 00:00:39.512806
ACC654417,CUST1446,credit,2024-12-24 00:00:39.512813
ACC245811,CUST1447,checking,2024-05-25 00:00:39.512821
ACC272929,CUST1447,checking,2023-12-01 00:00:39.512831
ACC114322,CUST1448,credit,2024-09-20 00:00:39.512842
ACC373402,CUST1448,savings,2025-03-18 00:00:39.512846
ACC164538,CUST1449,checking,2025-08-14 00:00:39.512854
ACC769203,CUST1450,checking,2024-08-15 00:00:39.512861
ACC297417,CUST1450,savings,2023-10-25 00:00:39.512865
ACC847339,CUST1451,savings,2024-05-06 00:00:39.512872
ACC198581,CUST1451,checking,2025-09-15 00:00:39.512876
ACC453715,CUST1452,savings,2024-01-10 00:00:39.512890
ACC208255,CUST1452,checking,2025-11-11 00:00:39.512896
ACC532918,CUST1453,checking,2023-08-22 00:00:39.512910
ACC488243,CUST1453,credit,2024-12-05 00:00:39.512915
ACC929971,CUST1454,checking,2024-12-06 00:00:39.512927
ACC856419,CUST1454,checking,2025-06-10 00:00:39.512932
ACC903943,CUST1455,checking,2024-11-02 00:00:39.512945
ACC130896,CUST1456,credit,2024-09-06 00:00:39.512958
ACC106723,CUST1456,savings,2024-04-15 00:00:39.512963
ACC440282,CUST1457,savings,2024-12-24 00:00:39.512975
ACC173228,CUST1457,credit,2024-09-17 00:00:39.512980
ACC990696,CUST1458,savings,2025-07-21 00:00:39.512992
ACC342668,CUST1458,checking,2024-10-02 00:00:39.512997
ACC353259,CUST1459,checking,2023-09-06 00:00:39.513007
ACC956820,CUST1459,savings,2025-01-20 00:00:39.513012
ACC263622,CUST1460,credit,2025-03-19 00:00:39.513043
ACC177590,CUST1460,savings,2023-09-28 00:00:39.513048
ACC604337,CUST1461,credit,2025-01-29 00:00:39.513059
ACC652434,CUST1462,credit,2025-02-10 00:00:39.513070
ACC169893,CUST1462,credit,2024-04-24 00:00:39.513075
ACC215917,CUST1463,credit,2024-10-15 00:00:39.513087
ACC206550,CUST1464,checking,2024-12-26 00:00:39.513097
ACC483910,CUST1465,checking,2025-09-01 00:00:39.513108
ACC757650,CUST1466,checking,2024-12-28 00:00:39.513120
ACC243966,CUST1467,credit,2025-12-29 00:00:39.513129
ACC104175,CUST1467,credit,2023-09-13 00:00:39.513132
ACC412316,CUST1468,credit,2023-09-03 00:00:39.513139
ACC731385,CUST1469,savings,2025-12-12 00:00:39.513147
ACC892042,CUST1470,savings,2024-10-10 00:00:39.513155
ACC305594,CUST1470,checking,2023-08-13 00:00:39.513158
ACC466769,CUST1471,checking,2024-09-06 00:00:39.513165
ACC530648,CUST1471,credit,2023-12-22 00:00:39.513169
ACC382622,CUST1472,checking,2024-09-20 00:00:39.513177
ACC562203,CUST1472,checking,2025-07-15 00:00:39.513180
ACC283646,CUST1473,checking,2025-10-23 00:00:39.513188
ACC485377,CUST1474,savings,2025-04-02 00:00:39.513195
ACC164618,CUST1474,credit,2023-08-21 00:00:39.513199
ACC235642,CUST1475,savings,2025-03-06 00:00:39.513206
ACC344178,CUST1475,savings,2025-06-13 00:00:39.513210
ACC430078,CUST1476,savings,2024-10-06 00:00:39.513217
ACC242562,CUST1477,checking,2025-08-30 00:00:39.513225
ACC546048,CUST1477,savings,2023-10-07 00:00:39.513228
ACC121619,CUST1478,savings,2024-03-26 00:00:39.513235
ACC911668,CUST1478,checking,2024-09-12 00:00:39.513238
ACC747399,CUST1479,savings,2025-10-07 00:00:39.513246
ACC341661,CUST1479,credit,2024-01-19 00:00:39.513249
ACC611044,CUST1480,credit,2025-10-07 00:00:39.513258
ACC302275,CUST1480,checking,2024-05-16 00:00:39.513261
ACC995407,CUST1481,credit,2023-12-27 00:00:39.513268
ACC851759,CUST1482,savings,2023-12-08 00:00:39.513276
ACC686158,CUST1482,checking,2023-12-04 00:00:39.513279
ACC130363,CUST1483,credit,2024-10-12 00:00:39.513287
ACC993974,CUST1483,credit,2024-09-30 00:00:39.513290
ACC310135,CUST1484,credit,2024-11-02 00:00:39.513298
ACC782101,CUST1485,checking,2024-04-18 00:00:39.513305
ACC248261,CUST1485,savings,2025-06-17 00:00:39.513309
ACC306256,CUST1486,savings,2024-12-17 00:00:39.513321
ACC775758,CUST1487,savings,2024-01-22 00:00:39.513329
ACC517454,CUST1487,credit,2024-08-27 00:00:39.513332
ACC901195,CUST1488,checking,2025-08-22 00:00:39.513340
ACC613015,CUST1489,credit,2023-11-15 00:00:39.513347
ACC271069,CUST1490,credit,2024-08-15 00:00:39.513354
ACC529057,CUST1491,savings,2025-07-11 00:00:39.513362
ACC120517,CUST1492,savings,2023-10-25 00:00:39.513369
ACC282048,CUST1492,savings,2025-04-05 00:00:39.513372
ACC292734,CUST1493,savings,2024-10-22 00:00:39.513381
ACC585175,CUST1494,credit,2023-10-18 00:00:39.513388
ACC795976,CUST1494,checking,2025-08-08 00:00:39.513392
ACC796639,CUST1495,checking,2024-11-03 00:00:39.513400
ACC483779,CUST1496,checking,2025-01-15 00:00:39.513411
ACC814893,CUST1497,savings,2025-09-19 00:00:39.513419
ACC159912,CUST1498,checking,2024-06-16 00:00:39.513426
ACC838397,CUST1498,savings,2024-11-14 00:00:39.513429
ACC897884,CUST1499,savings,2025-07-02 00:00:39.513437
